{
  "num_samples": 22,
  "summary": {
    "best_match": {
      "LEV": {
        "mean": 28.818181818181817,
        "std": 1.2662171161076472,
        "min": 27.0,
        "max": 30.0
      },
      "DTW": {
        "mean": 6190.467444506558,
        "std": 652.7709668815401,
        "min": 4889.333656311035,
        "max": 7909.655914306641
      },
      "REC": {
        "mean": 0.22727272727272727,
        "std": 0.5162643950727521,
        "min": 0.0,
        "max": 2.0
      },
      "SIM": {
        "mean": 0.5708583159880205,
        "std": 0.05488247435092357,
        "min": 0.5017697811126709,
        "max": 0.7236374020576477
      },
      "MM_Vector": {
        "mean": 0.03560757277194749,
        "std": 0.039531962448211395,
        "min": 0.0,
        "max": 0.14564639329910278
      },
      "MM_Length": {
        "mean": 0.09276725284077904,
        "std": 0.16025274640921588,
        "min": 0.0,
        "max": 0.5488018989562988
      },
      "MM_Position": {
        "mean": 0.5963422136681378,
        "std": 0.038807769781834804,
        "min": 0.4883110858848212,
        "max": 0.6451951851807408
      }
    },
    "saliency": {
      "NSS": {
        "mean": 1.0094093429771336,
        "std": 0.5039914701035673
      },
      "CC": {
        "mean": 0.18966704593591655,
        "std": 0.07922220028401421
      },
      "SalCoverage": {
        "mean": 0.6045454545454545,
        "std": 0.19103531180943154
      }
    }
  },
  "per_sample": [
    {
      "key": "P71_5376x2688",
      "num_gt_paths": 125,
      "best_metrics": {
        "LEV": 27.0,
        "DTW": 5604.792068481445,
        "REC": 0.0,
        "SIM": 0.5017697811126709,
        "MM_Vector": 0.09772597253322601,
        "MM_Length": 0.0539216622710228,
        "MM_Position": 0.6451951851807408,
        "NSS": 1.1724404096603394,
        "CC": 0.19051986952478905,
        "SalCoverage": 0.6666666666666666
      },
      "avg_metrics": {
        "LEV": 27.936,
        "DTW": 6941.919846237182,
        "REC": 0.032,
        "SIM": 0.6178244700431824,
        "MM_Vector": 0.021987094675190746,
        "MM_Length": 0.03807039143051952,
        "MM_Position": 0.5631321276494806,
        "NSS": 1.1724404096603394,
        "CC": 0.19051986952478908,
        "SalCoverage": 0.6666666666666667
      }
    },
    {
      "key": "P73_12000x6000",
      "num_gt_paths": 128,
      "best_metrics": {
        "LEV": 30.0,
        "DTW": 6412.163330078125,
        "REC": 0.0,
        "SIM": 0.5895862579345703,
        "MM_Vector": 0.02494749054312706,
        "MM_Length": 0.0,
        "MM_Position": 0.5830995589200645,
        "NSS": 1.0750446319580078,
        "CC": 0.19201820846252793,
        "SalCoverage": 0.7333333333333333
      },
      "avg_metrics": {
        "LEV": 29.953125,
        "DTW": 8075.244377717376,
        "REC": 0.0859375,
        "SIM": 0.692669939249754,
        "MM_Vector": 0.02771936810410125,
        "MM_Length": 0.07444047510216478,
        "MM_Position": 0.5102083888324251,
        "NSS": 1.0750446319580078,
        "CC": 0.19201820846252798,
        "SalCoverage": 0.7333333333333331
      }
    },
    {
      "key": "P74_5376x2688",
      "num_gt_paths": 121,
      "best_metrics": {
        "LEV": 29.0,
        "DTW": 5801.977836608887,
        "REC": 0.0,
        "SIM": 0.7236374020576477,
        "MM_Vector": 0.0404709056019783,
        "MM_Length": 0.0,
        "MM_Position": 0.4883110858848212,
        "NSS": 0.39382654428482056,
        "CC": 0.09320373514394725,
        "SalCoverage": 0.2
      },
      "avg_metrics": {
        "LEV": 29.380165289256198,
        "DTW": 8380.417566315202,
        "REC": 0.008264462809917356,
        "SIM": 0.7627012838016857,
        "MM_Vector": 0.016271008838960047,
        "MM_Length": 0.05598350980873258,
        "MM_Position": 0.46068875020414257,
        "NSS": 0.39382654428482056,
        "CC": 0.09320373514394723,
        "SalCoverage": 0.2
      }
    },
    {
      "key": "P76_18264x9132",
      "num_gt_paths": 101,
      "best_metrics": {
        "LEV": 28.0,
        "DTW": 5853.274269104004,
        "REC": 0.0,
        "SIM": 0.5217301249504089,
        "MM_Vector": 0.14564639329910278,
        "MM_Length": 0.0,
        "MM_Position": 0.6310810906982611,
        "NSS": 0.8219901323318481,
        "CC": 0.18016100454182601,
        "SalCoverage": 0.5333333333333333
      },
      "avg_metrics": {
        "LEV": 28.97029702970297,
        "DTW": 7620.87551583394,
        "REC": 0.019801980198019802,
        "SIM": 0.6803907492373249,
        "MM_Vector": 0.026224484500699415,
        "MM_Length": 0.07304607424827403,
        "MM_Position": 0.5188910873576918,
        "NSS": 0.8219901323318481,
        "CC": 0.18016100454182604,
        "SalCoverage": 0.5333333333333332
      }
    },
    {
      "key": "P77_18240x9120",
      "num_gt_paths": 97,
      "best_metrics": {
        "LEV": 28.0,
        "DTW": 5633.8840408325195,
        "REC": 0.0,
        "SIM": 0.5044425129890442,
        "MM_Vector": 0.0,
        "MM_Length": 0.0,
        "MM_Position": 0.6433052783466637,
        "NSS": 1.0544415712356567,
        "CC": 0.18848647025867243,
        "SalCoverage": 0.5
      },
      "avg_metrics": {
        "LEV": 28.79381443298969,
        "DTW": 7393.425151018752,
        "REC": 0.09278350515463918,
        "SIM": 0.6450344698945272,
        "MM_Vector": 0.027907530769655367,
        "MM_Length": 0.08218840059353826,
        "MM_Position": 0.5438917522385099,
        "NSS": 1.0544415712356567,
        "CC": 0.18848647025867243,
        "SalCoverage": 0.5
      }
    },
    {
      "key": "P78_5376x2688",
      "num_gt_paths": 119,
      "best_metrics": {
        "LEV": 30.0,
        "DTW": 6146.452087402344,
        "REC": 0.0,
        "SIM": 0.5637962222099304,
        "MM_Vector": 0.029902776703238487,
        "MM_Length": 0.43396976590156555,
        "MM_Position": 0.6013358680680007,
        "NSS": 1.8466323614120483,
        "CC": 0.29261537348042327,
        "SalCoverage": 0.8666666666666667
      },
      "avg_metrics": {
        "LEV": 29.95798319327731,
        "DTW": 7488.100670005093,
        "REC": 0.04201680672268908,
        "SIM": 0.6575550306744936,
        "MM_Vector": 0.027693318924878845,
        "MM_Length": 0.08154953121278091,
        "MM_Position": 0.5350383788067374,
        "NSS": 1.8466323614120483,
        "CC": 0.2926153734804232,
        "SalCoverage": 0.8666666666666666
      }
    },
    {
      "key": "P7_7500x3750",
      "num_gt_paths": 86,
      "best_metrics": {
        "LEV": 30.0,
        "DTW": 7909.655914306641,
        "REC": 0.0,
        "SIM": 0.6922019124031067,
        "MM_Vector": 0.002318550832569599,
        "MM_Length": 0.0,
        "MM_Position": 0.5105393337894668,
        "NSS": 0.2949114739894867,
        "CC": 0.06860892882897346,
        "SalCoverage": 0.3
      },
      "avg_metrics": {
        "LEV": 30.0,
        "DTW": 9651.18462575868,
        "REC": 0.0,
        "SIM": 0.7782745590043623,
        "MM_Vector": 0.014338294382553634,
        "MM_Length": 0.07156556442130876,
        "MM_Position": 0.4496767817030457,
        "NSS": 0.2949114739894867,
        "CC": 0.06860892882897345,
        "SalCoverage": 0.3
      }
    },
    {
      "key": "P80_3584x1792",
      "num_gt_paths": 112,
      "best_metrics": {
        "LEV": 28.0,
        "DTW": 4889.333656311035,
        "REC": 0.0,
        "SIM": 0.5741013288497925,
        "MM_Vector": 0.03767486661672592,
        "MM_Length": 0.5488018989562988,
        "MM_Position": 0.5940490572821037,
        "NSS": 0.8282901048660278,
        "CC": 0.17579681595414495,
        "SalCoverage": 0.43333333333333335
      },
      "avg_metrics": {
        "LEV": 28.330357142857142,
        "DTW": 7766.575127465384,
        "REC": 0.07142857142857142,
        "SIM": 0.6532991406108651,
        "MM_Vector": 0.024678478320960755,
        "MM_Length": 0.07905929759518975,