{
  "num_samples": 22,
  "summary": {
    "best_match": {
      "LEV": {
        "mean": 29.09090909090909,
        "std": 1.5347220923758302,
        "min": 25.0,
        "max": 30.0
      },
      "DTW": {
        "mean": 6207.922787406228,
        "std": 856.5201140864694,
        "min": 4392.571340560913,
        "max": 8026.053741455078
      },
      "REC": {
        "mean": 0.09090909090909091,
        "std": 0.28747978728803447,
        "min": 0.0,
        "max": 1.0
      },
      "SIM": {
        "mean": 0.5735774094408209,
        "std": 0.06250539744332098,
        "min": 0.3885316252708435,
        "max": 0.6754618287086487
      },
      "MM_Vector": {
        "mean": 0.05642039694992656,
        "std": 0.053767145294185775,
        "min": 0.0,
        "max": 0.17203554511070251
      },
      "MM_Length": {
        "mean": 0.05411096831614321,
        "std": 0.07877322038412232,
        "min": 0.0,
        "max": 0.25834351778030396
      },
      "MM_Position": {
        "mean": 0.5944195242489827,
        "std": 0.04419799039293256,
        "min": 0.5223763604874483,
        "max": 0.725266653065556
      }
    },
    "saliency": {
      "NSS": {
        "mean": 0.26010180222378537,
        "std": 0.17924062480583014
      },
      "CC": {
        "mean": 0.0671951450205933,
        "std": 0.040166604696560235
      },
      "SalCoverage": {
        "mean": 0.30454545454545445,
        "std": 0.05799290669395343
      }
    }
  },
  "per_sample": [
    {
      "key": "P71_5376x2688",
      "num_gt_paths": 125,
      "best_metrics": {
        "LEV": 30.0,
        "DTW": 6724.104522705078,
        "REC": 0.0,
        "SIM": 0.5966421365737915,
        "MM_Vector": 0.11902766674757004,
        "MM_Length": 0.0,
        "MM_Position": 0.5781102992870418,
        "NSS": 0.13921858370304108,
        "CC": 0.03981808466553996,
        "SalCoverage": 0.26666666666666666
      },
      "avg_metrics": {
        "LEV": 30.0,
        "DTW": 8477.06345916748,
        "REC": 0.0,
        "SIM": 0.7159224696159363,
        "MM_Vector": 0.024733006498776376,
        "MM_Length": 0.07305467637209222,
        "MM_Position": 0.4937663669307515,
        "NSS": 0.13921858370304108,
        "CC": 0.03981808466553994,
        "SalCoverage": 0.2666666666666666
      }
    },
    {
      "key": "P73_12000x6000",
      "num_gt_paths": 128,
      "best_metrics": {
        "LEV": 30.0,
        "DTW": 6593.538497924805,
        "REC": 0.0,
        "SIM": 0.5863482356071472,
        "MM_Vector": 0.09878355264663696,
        "MM_Length": 0.0,
        "MM_Position": 0.5853891864654188,
        "NSS": 0.41302311420440674,
        "CC": 0.09142945265801744,
        "SalCoverage": 0.3333333333333333
      },
      "avg_metrics": {
        "LEV": 30.0,
        "DTW": 7836.730738043785,
        "REC": 0.0,
        "SIM": 0.6934931483119726,
        "MM_Vector": 0.02477033569135756,
        "MM_Length": 0.07272694609127939,
        "MM_Position": 0.509626292122196,
        "NSS": 0.41302311420440674,
        "CC": 0.09142945265801747,
        "SalCoverage": 0.33333333333333326
      }
    },
    {
      "key": "P74_5376x2688",
      "num_gt_paths": 121,
      "best_metrics": {
        "LEV": 30.0,
        "DTW": 6477.923370361328,
        "REC": 0.0,
        "SIM": 0.5972118377685547,
        "MM_Vector": 0.008821680210530758,
        "MM_Length": 0.0,
        "MM_Position": 0.5777074597089746,
        "NSS": 0.1984338015317917,
        "CC": 0.05094511784840413,
        "SalCoverage": 0.23333333333333334
      },
      "avg_metrics": {
        "LEV": 29.776859504132233,
        "DTW": 8826.236203832075,
        "REC": 0.024793388429752067,
        "SIM": 0.7774963708948498,
        "MM_Vector": 0.02454141306946793,
        "MM_Length": 0.05542774695502825,
        "MM_Position": 0.45022704379232065,
        "NSS": 0.1984338015317917,
        "CC": 0.05094511784840414,
        "SalCoverage": 0.23333333333333336
      }
    },
    {
      "key": "P76_18264x9132",
      "num_gt_paths": 101,
      "best_metrics": {
        "LEV": 30.0,
        "DTW": 6241.902984619141,
        "REC": 0.0,
        "SIM": 0.5813019275665283,
        "MM_Vector": 0.08389882743358612,
        "MM_Length": 0.0,
        "MM_Position": 0.5889574651008966,
        "NSS": 0.05199962481856346,
        "CC": 0.01606218757189424,
        "SalCoverage": 0.36666666666666664
      },
      "avg_metrics": {
        "LEV": 29.980198019801982,
        "DTW": 8667.84568187978,
        "REC": 0.0,
        "SIM": 0.7273616153414887,
        "MM_Vector": 0.029507527326546046,
        "MM_Length": 0.07276486562989136,
        "MM_Position": 0.48567766941723234,
        "NSS": 0.05199962481856346,
        "CC": 0.016062187571894235,
        "SalCoverage": 0.36666666666666664
      }
    },
    {
      "key": "P77_18240x9120",
      "num_gt_paths": 97,
      "best_metrics": {
        "LEV": 27.0,
        "DTW": 5279.299488067627,
        "REC": 0.0,
        "SIM": 0.5018174052238464,
        "MM_Vector": 0.0577126070857048,
        "MM_Length": 0.0,
        "MM_Position": 0.6451615098487806,
        "NSS": 0.2081589549779892,
        "CC": 0.058599635161912245,
        "SalCoverage": 0.3
      },
      "avg_metrics": {
        "LEV": 28.237113402061855,
        "DTW": 7179.090925806577,
        "REC": 0.020618556701030927,
        "SIM": 0.6519306609311055,
        "MM_Vector": 0.028521017401272757,
        "MM_Length": 0.07755269237179502,
        "MM_Position": 0.5390154087921875,
        "NSS": 0.2081589549779892,
        "CC": 0.058599635161912245,
        "SalCoverage": 0.29999999999999993
      }
    },
    {
      "key": "P78_5376x2688",
      "num_gt_paths": 119,
      "best_metrics": {
        "LEV": 30.0,
        "DTW": 6705.370246887207,
        "REC": 0.0,
        "SIM": 0.656930148601532,
        "MM_Vector": 0.021647201851010323,
        "MM_Length": 0.07164951413869858,
        "MM_Position": 0.5354802371579703,
        "NSS": 0.023721830919384956,
        "CC": 0.007891104585483887,
        "SalCoverage": 0.23333333333333334
      },
      "avg_metrics": {
        "LEV": 30.0,
        "DTW": 9674.93027772022,
        "REC": 0.0,
        "SIM": 0.7732296055104552,
        "MM_Vector": 0.01836259823500134,
        "MM_Length": 0.07755413559116736,
        "MM_Position": 0.45324410252935815,
        "NSS": 0.023721830919384956,
        "CC": 0.007891104585483892,
        "SalCoverage": 0.23333333333333342
      }
    },
    {
      "key": "P7_7500x3750",
      "num_gt_paths": 86,
      "best_metrics": {
        "LEV": 30.0,
        "DTW": 5804.160446166992,
        "REC": 0.0,
        "SIM": 0.5662235021591187,
        "MM_Vector": 0.017306465655565262,
        "MM_Length": 0.12334790825843811,
        "MM_Position": 0.5996195219560915,
        "NSS": 0.3116700351238251,
        "CC": 0.07768060524436544,
        "SalCoverage": 0.26666666666666666
      },
      "avg_metrics": {
        "LEV": 29.976744186046513,
        "DTW": 7914.129951698836,
        "REC": 0.0,
        "SIM": 0.6851277226625487,
        "MM_Vector": 0.01760116045286765,
        "MM_Length": 0.07443039509505683,
        "MM_Position": 0.5155415413264157,
        "NSS": 0.3116700351238251,
        "CC": 0.07768060524436547,
        "SalCoverage": 0.2666666666666666
      }
    },
    {
      "key": "P80_3584x1792",
      "num_gt_paths": 112,
      "best_metrics": {
        "LEV": 25.0,
        "DTW": 5045.846021652222,
        "REC": 1.0,
        "SIM": 0.6030893921852112,
        "MM_Vector": 0.015988118946552277,
        "MM_Length": 0.0,
        "MM_Position": 0.573551401124164,
        "NSS": 0.3010020852088928,
        "CC": 0.07311218295653041,
        "SalCoverage": 0.26666666666666666
      },
      "avg_metrics": {
        "LEV": 26.071428571428573,
        "DTW": 7263.271650161062,
        "REC": 1.0446428571428572,
        "SIM": 0.6540110835007259,
        "MM_Vector": 0.027225913759528857,